attributecolumnname,attributevalue,conversionrate,conversionmetricname,startdate,enddate
LeadTypeCode,carirshrvast,0.0,LTC_close_rate,2021-06-12,2021-09-12
LeadTypeCode,lbqlscrell,0.0,LTC_close_rate,2021-06-12,2021-09-12
LeadTypeCode,relogenmill,0.33333334,LTC_close_rate,2021-06-12,2021-09-12
LeadTypeCode,concpresy,0.012189512,LTC_close_rate,2021-06-12,2021-09-12
LeadTypeCode,fbqlvafs,0.013422819,LTC_close_rate,2021-06-12,2021-09-12
LeadTypeCode,payoffhsvrms,0.004854369,LTC_close_rate,2021-06-12,2021-09-12
LeadTypeCode,reloint,0.2,LTC_close_rate,2021-06-12,2021-09-12
LeadTypeCode,reloweblead,0.16746412,LTC_close_rate,2021-06-12,2021-09-12
LeadTypeCode,birealref,0.23529412,LTC_close_rate,2021-06-12,2021-09-12
LeadTypeCode,remktsvprecovr,0.031694077,LTC_close_rate,2021-06-12,2021-09-12
LeadTypeCode,carirpelz,0.066401064,LTC_close_rate,2021-06-12,2021-09-12
LeadTypeCode,lbqlobgd,0.006329114,LTC_close_rate,2021-06-12,2021-09-12
LeadTypeCode,rmkarmanm,0.0,LTC_close_rate,2021-06-12,2021-09-12
LeadTypeCode,exppalres,0.005024179,LTC_close_rate,2021-06-12,2021-09-12
LeadTypeCode,ltqlx3,0.013265306,LTC_close_rate,2021-06-12,2021-09-12
LeadTypeCode,p313dhlplus,0.0,LTC_close_rate,2021-06-12,2021-09-12
LeadTypeCode,relohds,0.2,LTC_close_rate,2021-06-12,2021-09-12
LeadTypeCode,lcqlrztc,0.003816794,LTC_close_rate,2021-06-12,2021-09-12
LeadTypeCode,ohman,0.0,LTC_close_rate,2021-06-12,2021-09-12
LeadTypeCode,rlrcpurchiva,0.023966942,LTC_close_rate,2021-06-12,2021-09-12
LeadTypeCode,frqltc2,0.0,LTC_close_rate,2021-06-12,2021-09-12
LeadTypeCode,payoffhsvcr,0.0067681894,LTC_close_rate,2021-06-12,2021-09-12
LeadTypeCode,carirsmvrcnrt30,0.060214464,LTC_close_rate,2021-06-12,2021-09-12
LeadTypeCode,hlbp_team,0.06431869,LTC_close_rate,2021-06-12,2021-09-12
LeadTypeCode,rmrealtorexc,0.008575464,LTC_close_rate,2021-06-12,2021-09-12
LeadTypeCode,bcql,0.007485689,LTC_close_rate,2021-06-12,2021-09-12
LeadTypeCode,lbqlobll,0.014084507,LTC_close_rate,2021-06-12,2021-09-12
LeadTypeCode,reloahrn,0.023809524,LTC_close_rate,2021-06-12,2021-09-12
LeadTypeCode,rpfir,0.0,LTC_close_rate,2021-06-12,2021-09-12
LeadTypeCode,caripwrpckv1,0.13097712,LTC_close_rate,2021-06-12,2021-09-12
LeadTypeCode,carirscod20,0.06790169,LTC_close_rate,2021-06-12,2021-09-12
LeadTypeCode,carirsmovrvart,0.12667592,LTC_close_rate,2021-06-12,2021-09-12
LeadTypeCode,lbqleoo7,0.008527132,LTC_close_rate,2021-06-12,2021-09-12
LeadTypeCode,relostfe,0.0,LTC_close_rate,2021-06-12,2021-09-12
LeadTypeCode,ltqlhe,0.011932017,LTC_close_rate,2021-06-12,2021-09-12
LeadTypeCode,lbqlscre3,0.0,LTC_close_rate,2021-06-12,2021-09-12
LeadTypeCode,relocast,0.2,LTC_close_rate,2021-06-12,2021-09-12
LeadTypeCode,avail,0.10404703,LTC_close_rate,2021-06-12,2021-09-12
LeadTypeCode,acspanish,0.08363202,LTC_close_rate,2021-06-12,2021-09-12
LeadTypeCode,nmqlse,0.0022716946,LTC_close_rate,2021-06-12,2021-09-12
LeadTypeCode,relonucom,0.04029304,LTC_close_rate,2021-06-12,2021-09-12
LeadTypeCode,rgfql,0.0027806743,LTC_close_rate,2021-06-12,2021-09-12
LeadTypeCode,rscarihelios2,0.06451613,LTC_close_rate,2021-06-12,2021-09-12
LeadTypeCode,acautob,0.09869848,LTC_close_rate,2021-06-12,2021-09-12
LeadTypeCode,carisvcsvnc,0.01294964,LTC_close_rate,2021-06-12,2021-09-12
LeadTypeCode,frqllow,0.025471698,LTC_close_rate,2021-06-12,2021-09-12
LeadTypeCode,ltqlp2nd,0.00541513,LTC_close_rate,2021-06-12,2021-09-12
LeadTypeCode,reloccom,0.083333336,LTC_close_rate,2021-06-12,2021-09-12
LeadTypeCode,rmamexman,0.25142857,LTC_close_rate,2021-06-12,2021-09-12
LeadTypeCode,relopowr,0.083333336,LTC_close_rate,2021-06-12,2021-09-12
LeadTypeCode,rlhap,0.098682016,LTC_close_rate,2021-06-12,2021-09-12
LeadTypeCode,rmamexapp,0.26602563,LTC_close_rate,2021-06-12,2021-09-12
LeadTypeCode,acrcpurchiva,0.026173072,LTC_close_rate,2021-06-12,2021-09-12
LeadTypeCode,asqlp,0.002402621,LTC_close_rate,2021-06-12,2021-09-12
LeadTypeCode,lcqlbsre,0.0,LTC_close_rate,2021-06-12,2021-09-12
LeadTypeCode,rgqllow,0.00996016,LTC_close_rate,2021-06-12,2021-09-12
LeadTypeCode,rmkarmapnm,0.012946979,LTC_close_rate,2021-06-12,2021-09-12
LeadTypeCode,rmturbohap,0.033973824,LTC_close_rate,2021-06-12,2021-09-12
LeadTypeCode,fbqlemail,0.0,LTC_close_rate,2021-06-12,2021-09-12
LeadTypeCode,ltqlhe3,0.036308624,LTC_close_rate,2021-06-12,2021-09-12
LeadTypeCode,carictdmxmmar,0.032745592,LTC_close_rate,2021-06-12,2021-09-12
LeadTypeCode,gsltgr,0.010455797,LTC_close_rate,2021-06-12,2021-09-12
LeadTypeCode,rscariwd30p,0.017142856,LTC_close_rate,2021-06-12,2021-09-12
LeadTypeCode,lbqleoo3,0.01149006,LTC_close_rate,2021-06-12,2021-09-12
LeadTypeCode,lcqlplr,0.0,LTC_close_rate,2021-06-12,2021-09-12
LeadTypeCode,relodept,0.09090909,LTC_close_rate,2021-06-12,2021-09-12
LeadTypeCode,rgql,0.006701108,LTC_close_rate,2021-06-12,2021-09-12
LeadTypeCode,rlboom,0.2153264,LTC_close_rate,2021-06-12,2021-09-12
LeadTypeCode,rmsfapp,0.0,LTC_close_rate,2021-06-12,2021-09-12
LeadTypeCode,fbqlvaslq,0.0,LTC_close_rate,2021-06-12,2021-09-12
LeadTypeCode,cadcarictsvc,0.0,LTC_close_rate,2021-06-12,2021-09-12
LeadTypeCode,jmgreferpurch,0.0,LTC_close_rate,2021-06-12,2021-09-12
LeadTypeCode,ptql,0.004970778,LTC_close_rate,2021-06-12,2021-09-12
LeadTypeCode,acschwab,0.09677419,LTC_close_rate,2021-06-12,2021-09-12
LeadTypeCode,fhlmccharp,0.0,LTC_close_rate,2021-06-12,2021-09-12
LeadTypeCode,lbqleoo8,0.0054417658,LTC_close_rate,2021-06-12,2021-09-12
LeadTypeCode,ltqlr2nd,0.098657325,LTC_close_rate,2021-06-12,2021-09-12
LeadTypeCode,ptqle,0.0,LTC_close_rate,2021-06-12,2021-09-12
LeadTypeCode,relocap,0.0,LTC_close_rate,2021-06-12,2021-09-12
LeadTypeCode,reloniss,0.0,LTC_close_rate,2021-06-12,2021-09-12
LeadTypeCode,relorepub,0.10526316,LTC_close_rate,2021-06-12,2021-09-12
LeadTypeCode,acp313radio,0.0,LTC_close_rate,2021-06-12,2021-09-12
LeadTypeCode,bkqlrtr,0.023094045,LTC_close_rate,2021-06-12,2021-09-12
LeadTypeCode,svcemail,0.18983051,LTC_close_rate,2021-06-12,2021-09-12
LeadTypeCode,caridswebp1,0.01416613,LTC_close_rate,2021-06-12,2021-09-12
LeadTypeCode,carilivpurch,0.115384616,LTC_close_rate,2021-06-12,2021-09-12
LeadTypeCode,lbqlpe2,0.0,LTC_close_rate,2021-06-12,2021-09-12
LeadTypeCode,ltqlcra,0.07732226,LTC_close_rate,2021-06-12,2021-09-12
LeadTypeCode,reloatt,0.0,LTC_close_rate,2021-06-12,2021-09-12
LeadTypeCode,rpltb,0.0,LTC_close_rate,2021-06-12,2021-09-12
LeadTypeCode,carictdmxmmap,0.010869565,LTC_close_rate,2021-06-12,2021-09-12
LeadTypeCode,rmrealtorgood,0.0040332587,LTC_close_rate,2021-06-12,2021-09-12
LeadTypeCode,carirslgcy,0.07914641,LTC_close_rate,2021-06-12,2021-09-12
LeadTypeCode,reloepa,0.125,LTC_close_rate,2021-06-12,2021-09-12
LeadTypeCode,rgqlfha,0.005830904,LTC_close_rate,2021-06-12,2021-09-12
LeadTypeCode,rktlnappsvc,0.08271452,LTC_close_rate,2021-06-12,2021-09-12
LeadTypeCode,dilioqlhla,0.005196345,LTC_close_rate,2021-06-12,2021-09-12
LeadTypeCode,lbqleoo5,0.047127053,LTC_close_rate,2021-06-12,2021-09-12
LeadTypeCode,schwabivap,0.09049774,LTC_close_rate,2021-06-12,2021-09-12
LeadTypeCode,acrcpcnr,0.007633588,LTC_close_rate,2021-06-12,2021-09-12
LeadTypeCode,crwtpayoffp,0.017857144,LTC_close_rate,2021-06-12,2021-09-12
LeadTypeCode,lbqleoo4,0.004695794,LTC_close_rate,2021-06-12,2021-09-12
LeadTypeCode,nmql,0.0033047798,LTC_close_rate,2021-06-12,2021-09-12
LeadTypeCode,ogaman,0.0,LTC_close_rate,2021-06-12,2021-09-12
LeadTypeCode,relodire,0.14473684,LTC_close_rate,2021-06-12,2021-09-12
LeadTypeCode,relolexi,0.13229571,LTC_close_rate,2021-06-12,2021-09-12
LeadTypeCode,reloorm,0.18604651,LTC_close_rate,2021-06-12,2021-09-12
LeadTypeCode,gsltheltv,0.0071407612,LTC_close_rate,2021-06-12,2021-09-12
LeadTypeCode,carisvcrp4,0.3188406,LTC_close_rate,2021-06-12,2021-09-12
LeadTypeCode,ltqlpll,0.0015970042,LTC_close_rate,2021-06-12,2021-09-12
LeadTypeCode,payoffcpvrmsa,0.006119951,LTC_close_rate,2021-06-12,2021-09-12
LeadTypeCode,qsql2,0.0049751243,LTC_close_rate,2021-06-12,2021-09-12
LeadTypeCode,relopuri,0.375,LTC_close_rate,2021-06-12,2021-09-12
LeadTypeCode,scquiklyaug21,0.048879445,LTC_close_rate,2021-06-12,2021-09-12
LeadTypeCode,lbqlsoo1,0.008025193,LTC_close_rate,2021-06-12,2021-09-12
LeadTypeCode,acgoadcon,0.0,LTC_close_rate,2021-06-12,2021-09-12
LeadTypeCode,carirssilk,0.0038700968,LTC_close_rate,2021-06-12,2021-09-12
LeadTypeCode,chatblpah,0.0,LTC_close_rate,2021-06-12,2021-09-12
LeadTypeCode,hlbp_mrwds,0.035326086,LTC_close_rate,2021-06-12,2021-09-12
LeadTypeCode,payoffhsvrmsa,0.0067895246,LTC_close_rate,2021-06-12,2021-09-12
LeadTypeCode,relonri,0.2682927,LTC_close_rate,2021-06-12,2021-09-12
LeadTypeCode,rshelios2,0.008728179,LTC_close_rate,2021-06-12,2021-09-12
LeadTypeCode,carirsmovrfhapp,0.06666667,LTC_close_rate,2021-06-12,2021-09-12
LeadTypeCode,relopool,0.0,LTC_close_rate,2021-06-12,2021-09-12
LeadTypeCode,rsnirvanarefibb,0.0066172048,LTC_close_rate,2021-06-12,2021-09-12
LeadTypeCode,lgql,0.007710144,LTC_close_rate,2021-06-12,2021-09-12
LeadTypeCode,relonfs,0.06896552,LTC_close_rate,2021-06-12,2021-09-12
LeadTypeCode,reloowens,0.33333334,LTC_close_rate,2021-06-12,2021-09-12
LeadTypeCode,acautoa,0.19979542,LTC_close_rate,2021-06-12,2021-09-12
LeadTypeCode,hlbp_pwc,0.046511628,LTC_close_rate,2021-06-12,2021-09-12
LeadTypeCode,lbqleoo6,0.012389713,LTC_close_rate,2021-06-12,2021-09-12
LeadTypeCode,relocsx,0.3611111,LTC_close_rate,2021-06-12,2021-09-12
LeadTypeCode,zingrhr,0.014195584,LTC_close_rate,2021-06-12,2021-09-12
LeadTypeCode,cadmbflip,0.0,LTC_close_rate,2021-06-12,2021-09-12
LeadTypeCode,frqlbe,0.048939843,LTC_close_rate,2021-06-12,2021-09-12
LeadTypeCode,relowest,0.0,LTC_close_rate,2021-06-12,2021-09-12
LeadTypeCode,rockcarirefi,0.11485965,LTC_close_rate,2021-06-12,2021-09-12
LeadTypeCode,rpgene,0.2777778,LTC_close_rate,2021-06-12,2021-09-12
LeadTypeCode,dcrf,0.14360313,LTC_close_rate,2021-06-12,2021-09-12
LeadTypeCode,dcrt,0.38615847,LTC_close_rate,2021-06-12,2021-09-12
LeadTypeCode,fsbodcql,0.005291005,LTC_close_rate,2021-06-12,2021-09-12
LeadTypeCode,phquiklyjul21,0.03225215,LTC_close_rate,2021-06-12,2021-09-12
LeadTypeCode,reloproc,0.21153846,LTC_close_rate,2021-06-12,2021-09-12
LeadTypeCode,chatblfah,0.0057142857,LTC_close_rate,2021-06-12,2021-09-12
LeadTypeCode,clyoakac,0.26530612,LTC_close_rate,2021-06-12,2021-09-12
LeadTypeCode,dilioqlfc,0.0026737968,LTC_close_rate,2021-06-12,2021-09-12
LeadTypeCode,nmqllow,0.00608828,LTC_close_rate,2021-06-12,2021-09-12
LeadTypeCode,payoffhsvivr,0.002092853,LTC_close_rate,2021-06-12,2021-09-12
LeadTypeCode,ptqlp,0.009255831,LTC_close_rate,2021-06-12,2021-09-12
LeadTypeCode,rplte,0.0,LTC_close_rate,2021-06-12,2021-09-12
LeadTypeCode,rppru,0.5714286,LTC_close_rate,2021-06-12,2021-09-12
LeadTypeCode,nmqlco,0.0034977114,LTC_close_rate,2021-06-12,2021-09-12
LeadTypeCode,ctnc90,0.0043751607,LTC_close_rate,2021-06-12,2021-09-12
LeadTypeCode,lbqleoof,0.022035677,LTC_close_rate,2021-06-12,2021-09-12
LeadTypeCode,carirshrpubi,0.02723059,LTC_close_rate,2021-06-12,2021-09-12
LeadTypeCode,jmgreferrefi,0.06896552,LTC_close_rate,2021-06-12,2021-09-12
LeadTypeCode,rsprepurch,0.0014431775,LTC_close_rate,2021-06-12,2021-09-12
LeadTypeCode,asqlr,0.0070903725,LTC_close_rate,2021-06-12,2021-09-12
LeadTypeCode,chatblp,0.02739726,LTC_close_rate,2021-06-12,2021-09-12
adproperty_parsed,DMC,0.17391305,adproperty_close_rate,2021-06-12,2021-09-12
adproperty_parsed,RBA,0.15093803,adproperty_close_rate,2021-06-12,2021-09-12
adproperty_parsed,INV,0.0,adproperty_close_rate,2021-06-12,2021-09-12
adproperty_parsed,MIM,0.058577407,adproperty_close_rate,2021-06-12,2021-09-12
adproperty_parsed,RBD,0.12689881,adproperty_close_rate,2021-06-12,2021-09-12
adproperty_parsed,THV,0.0,adproperty_close_rate,2021-06-12,2021-09-12
adproperty_parsed,AMA,0.006849315,adproperty_close_rate,2021-06-12,2021-09-12
adproperty_parsed,SRT,0.036697246,adproperty_close_rate,2021-06-12,2021-09-12
adproperty_parsed,MRC,0.044444446,adproperty_close_rate,2021-06-12,2021-09-12
adproperty_parsed,AMM,0.0042060986,adproperty_close_rate,2021-06-12,2021-09-12
adproperty_parsed,BMA,0.024305556,adproperty_close_rate,2021-06-12,2021-09-12
adproperty_parsed,IGS,0.0,adproperty_close_rate,2021-06-12,2021-09-12
adproperty_parsed,REA,0.0,adproperty_close_rate,2021-06-12,2021-09-12
adproperty_parsed,SPF,0.0,adproperty_close_rate,2021-06-12,2021-09-12
adproperty_parsed,CKR,0.054472007,adproperty_close_rate,2021-06-12,2021-09-12
adproperty_parsed,QRD,0.10690076,adproperty_close_rate,2021-06-12,2021-09-12
adproperty_parsed,RHC,0.0,adproperty_close_rate,2021-06-12,2021-09-12
adproperty_parsed,RTA,0.016475644,adproperty_close_rate,2021-06-12,2021-09-12
adproperty_parsed,BIM,0.029767312,adproperty_close_rate,2021-06-12,2021-09-12
adproperty_parsed,DBM,0.0,adproperty_close_rate,2021-06-12,2021-09-12
adproperty_parsed,DMT,0.023212628,adproperty_close_rate,2021-06-12,2021-09-12
adproperty_parsed,GBM,0.05945409,adproperty_close_rate,2021-06-12,2021-09-12
adproperty_parsed,RMB,0.14468743,adproperty_close_rate,2021-06-12,2021-09-12
adproperty_parsed,SNL,0.12261905,adproperty_close_rate,2021-06-12,2021-09-12
adproperty_parsed,MMO,0.010402533,adproperty_close_rate,2021-06-12,2021-09-12
adproperty_parsed,GRD,0.0,adproperty_close_rate,2021-06-12,2021-09-12
adproperty_parsed,WBP,0.0,adproperty_close_rate,2021-06-12,2021-09-12
adproperty_parsed,RSL,0.074257426,adproperty_close_rate,2021-06-12,2021-09-12
adproperty_parsed,ENL,0.06911263,adproperty_close_rate,2021-06-12,2021-09-12
adproperty_parsed,INM,0.0,adproperty_close_rate,2021-06-12,2021-09-12
adproperty_parsed,BBM,0.0,adproperty_close_rate,2021-06-12,2021-09-12
adproperty_parsed,MLF,0.055855855,adproperty_close_rate,2021-06-12,2021-09-12
adproperty_parsed,RBP,0.071519695,adproperty_close_rate,2021-06-12,2021-09-12
State,MN,0.0340727,state_close_rate,2021-06-12,2021-09-12
State,NJ,0.03328078,state_close_rate,2021-06-12,2021-09-12
State,OR,0.03749546,state_close_rate,2021-06-12,2021-09-12
State,KY,0.02670854,state_close_rate,2021-06-12,2021-09-12
State,WY,0.033839285,state_close_rate,2021-06-12,2021-09-12
State,NH,0.03508537,state_close_rate,2021-06-12,2021-09-12
State,NC,0.037335753,state_close_rate,2021-06-12,2021-09-12
State,MD,0.040349733,state_close_rate,2021-06-12,2021-09-12
State,DE,0.02429402,state_close_rate,2021-06-12,2021-09-12
State,ME,0.026242087,state_close_rate,2021-06-12,2021-09-12
State,MS,0.02319327,state_close_rate,2021-06-12,2021-09-12
State,OH,0.02969286,state_close_rate,2021-06-12,2021-09-12
State,TN,0.03372143,state_close_rate,2021-06-12,2021-09-12
State,NY,0.024109699,state_close_rate,2021-06-12,2021-09-12
State,KS,0.030466707,state_close_rate,2021-06-12,2021-09-12
State,AR,0.027696088,state_close_rate,2021-06-12,2021-09-12
State,UT,0.05310202,state_close_rate,2021-06-12,2021-09-12
LeadTypeCode,rsnirvanaco2,0.0,LTC_close_rate,2021-06-12,2021-09-12
LeadTypeCode,ltqlex,0.016129032,LTC_close_rate,2021-06-12,2021-09-12
LeadTypeCode,nmqle,0.004760771,LTC_close_rate,2021-06-12,2021-09-12
LeadTypeCode,ptqlhe,0.009345794,LTC_close_rate,2021-06-12,2021-09-12
LeadTypeCode,rpsfb,0.0038314175,LTC_close_rate,2021-06-12,2021-09-12
LeadTypeCode,qltestvendor,0.0,LTC_close_rate,2021-06-12,2021-09-12
LeadTypeCode,relmihrpur,0.0028915664,LTC_close_rate,2021-06-12,2021-09-12
LeadTypeCode,relobgen,0.0,LTC_close_rate,2021-06-12,2021-09-12
LeadTypeCode,fbqls,0.006546509,LTC_close_rate,2021-06-12,2021-09-12
LeadTypeCode,lbqleoo9,0.008080808,LTC_close_rate,2021-06-12,2021-09-12
LeadTypeCode,relopro,0.18181819,LTC_close_rate,2021-06-12,2021-09-12
LeadTypeCode,hgtvtest,0.0,LTC_close_rate,2021-06-12,2021-09-12
LeadTypeCode,ihrbbdt,0.004651163,LTC_close_rate,2021-06-12,2021-09-12
LeadTypeCode,lbqleoo2,0.013846534,LTC_close_rate,2021-06-12,2021-09-12
LeadTypeCode,pscalmblpv3,0.0108252205,LTC_close_rate,2021-06-12,2021-09-12
LeadTypeCode,relocri,1.0,LTC_close_rate,2021-06-12,2021-09-12
LeadTypeCode,acautopur,0.081443526,LTC_close_rate,2021-06-12,2021-09-12
LeadTypeCode,lbqlscrs3,0.0013327062,LTC_close_rate,2021-06-12,2021-09-12
LeadTypeCode,payofforvivr,0.039780956,LTC_close_rate,2021-06-12,2021-09-12
LeadTypeCode,brqln,0.0036942968,LTC_close_rate,2021-06-12,2021-09-12
LeadTypeCode,carirshrfhapp,0.0,LTC_close_rate,2021-06-12,2021-09-12
LeadTypeCode,lbqlvap,0.0,LTC_close_rate,2021-06-12,2021-09-12
LeadTypeCode,relomars,0.33333334,LTC_close_rate,2021-06-12,2021-09-12
LeadTypeCode,rocktestpurchah,0.0,LTC_close_rate,2021-06-12,2021-09-12
LeadTypeCode,rspixietest,0.007194245,LTC_close_rate,2021-06-12,2021-09-12
LeadTypeCode,relodmob,0.0,LTC_close_rate,2021-06-12,2021-09-12
LeadTypeCode,reloirco,0.14285715,LTC_close_rate,2021-06-12,2021-09-12
LeadTypeCode,rmcdmhap,0.048681542,LTC_close_rate,2021-06-12,2021-09-12
LeadTypeCode,rmrealtorchat,0.0,LTC_close_rate,2021-06-12,2021-09-12
LeadTypeCode,rstmhelios,0.004819277,LTC_close_rate,2021-06-12,2021-09-12
LeadTypeCode,relohomed,0.13636364,LTC_close_rate,2021-06-12,2021-09-12
LeadTypeCode,rockhomesql,0.008928572,LTC_close_rate,2021-06-12,2021-09-12
LeadTypeCode,rscariprepurchlucy,0.0054347827,LTC_close_rate,2021-06-12,2021-09-12
LeadTypeCode,abcblpah,0.0,LTC_close_rate,2021-06-12,2021-09-12
LeadTypeCode,lcqllar,0.00862069,LTC_close_rate,2021-06-12,2021-09-12
LeadTypeCode,lcqlrz,0.0011370097,LTC_close_rate,2021-06-12,2021-09-12
LeadTypeCode,rpfe,0.375,LTC_close_rate,2021-06-12,2021-09-12
LeadTypeCode,carisvcrp3,0.25454545,LTC_close_rate,2021-06-12,2021-09-12
LeadTypeCode,lbqlscrs5,0.0,LTC_close_rate,2021-06-12,2021-09-12
LeadTypeCode,ltqlpje,0.0,LTC_close_rate,2021-06-12,2021-09-12
LeadTypeCode,reloabud,0.0,LTC_close_rate,2021-06-12,2021-09-12
LeadTypeCode,hlbp_affinity,0.0,LTC_close_rate,2021-06-12,2021-09-12
LeadTypeCode,qlrlp,0.040609136,LTC_close_rate,2021-06-12,2021-09-12
LeadTypeCode,relokntx,0.5,LTC_close_rate,2021-06-12,2021-09-12
LeadTypeCode,relorgnr,0.14285715,LTC_close_rate,2021-06-12,2021-09-12
LeadTypeCode,relovrsa,0.1724138,LTC_close_rate,2021-06-12,2021-09-12
LeadTypeCode,dcmf,0.0,LTC_close_rate,2021-06-12,2021-09-12
LeadTypeCode,jmalkviewemail,0.25,LTC_close_rate,2021-06-12,2021-09-12
LeadTypeCode,rlapppur,0.08675799,LTC_close_rate,2021-06-12,2021-09-12
LeadTypeCode,cthlbp,0.0,LTC_close_rate,2021-06-12,2021-09-12
LeadTypeCode,mrcqlrva,0.025787966,LTC_close_rate,2021-06-12,2021-09-12
LeadTypeCode,reloevon,0.0,LTC_close_rate,2021-06-12,2021-09-12
LeadTypeCode,payoffcpvrms,0.0,LTC_close_rate,2021-06-12,2021-09-12
LeadTypeCode,payoffcpwcr,0.0,LTC_close_rate,2021-06-12,2021-09-12
LeadTypeCode,acaqmsr,0.2108209,LTC_close_rate,2021-06-12,2021-09-12
LeadTypeCode,carisvcsv,0.0397351,LTC_close_rate,2021-06-12,2021-09-12
LeadTypeCode,frql,0.012105996,LTC_close_rate,2021-06-12,2021-09-12
LeadTypeCode,rscarihelios,0.046434496,LTC_close_rate,2021-06-12,2021-09-12
LeadTypeCode,carirsmovrvast,0.08679928,LTC_close_rate,2021-06-12,2021-09-12
LeadTypeCode,reloarc,0.08,LTC_close_rate,2021-06-12,2021-09-12
LeadTypeCode,rpgenb,0.0,LTC_close_rate,2021-06-12,2021-09-12
LeadTypeCode,rsnirvanares2,0.014513054,LTC_close_rate,2021-06-12,2021-09-12
LeadTypeCode,accaripwrpck,0.0,LTC_close_rate,2021-06-12,2021-09-12
LeadTypeCode,"oprp       ",0.0,LTC_close_rate,2021-06-12,2021-09-12
LeadTypeCode,relormw,0.4,LTC_close_rate,2021-06-12,2021-09-12
LeadTypeCode,rshelios3,0.0,LTC_close_rate,2021-06-12,2021-09-12
LeadTypeCode,carirsloupb,0.010075566,LTC_close_rate,2021-06-12,2021-09-12
LeadTypeCode,rocktestpurch,0.0,LTC_close_rate,2021-06-12,2021-09-12
LeadTypeCode,cadmanual,0.4021838,LTC_close_rate,2021-06-12,2021-09-12
LeadTypeCode,carirsdeniedt,0.04816501,LTC_close_rate,2021-06-12,2021-09-12
LeadTypeCode,ctrelo,0.0,LTC_close_rate,2021-06-12,2021-09-12
LeadTypeCode,payoffcpvivr,0.0,LTC_close_rate,2021-06-12,2021-09-12
LeadTypeCode,rocktestrefi,0.0,LTC_close_rate,2021-06-12,2021-09-12
LeadTypeCode,rsprepurchtest,0.0010436598,LTC_close_rate,2021-06-12,2021-09-12
LeadTypeCode,rmkarmaflip,0.0,LTC_close_rate,2021-06-12,2021-09-12
LeadTypeCode,carirsmovrfha18,0.050736498,LTC_close_rate,2021-06-12,2021-09-12
LeadTypeCode,relofrg,1.0,LTC_close_rate,2021-06-12,2021-09-12
LeadTypeCode,rmmshap,0.11578947,LTC_close_rate,2021-06-12,2021-09-12
LeadTypeCode,rpgen,0.221843,LTC_close_rate,2021-06-12,2021-09-12
LeadTypeCode,carirshbva,0.09253579,LTC_close_rate,2021-06-12,2021-09-12
LeadTypeCode,lbqldrlp,0.03476582,LTC_close_rate,2021-06-12,2021-09-12
LeadTypeCode,mrcqlp,0.0056710774,LTC_close_rate,2021-06-12,2021-09-12
LeadTypeCode,carirsrmsfoundp,0.022727273,LTC_close_rate,2021-06-12,2021-09-12
LeadTypeCode,relocrown,0.11111111,LTC_close_rate,2021-06-12,2021-09-12
LeadTypeCode,rposrs2,0.0,LTC_close_rate,2021-06-12,2021-09-12
LeadTypeCode,reloamgen,0.0,LTC_close_rate,2021-06-12,2021-09-12
LeadTypeCode,relobing,0.15384616,LTC_close_rate,2021-06-12,2021-09-12
LeadTypeCode,carirshrplbi,0.008746356,LTC_close_rate,2021-06-12,2021-09-12
LeadTypeCode,carisvcrp6,0.3043478,LTC_close_rate,2021-06-12,2021-09-12
LeadTypeCode,frqlfc,0.026086956,LTC_close_rate,2021-06-12,2021-09-12
LeadTypeCode,relopilgp,0.25,LTC_close_rate,2021-06-12,2021-09-12
LeadTypeCode,caripwrpckv2,0.0,LTC_close_rate,2021-06-12,2021-09-12
LeadTypeCode,coffer,0.5,LTC_close_rate,2021-06-12,2021-09-12
LeadTypeCode,hlbp_adprest,0.0,LTC_close_rate,2021-06-12,2021-09-12
LeadTypeCode,carirelorefi,0.07575758,LTC_close_rate,2021-06-12,2021-09-12
LeadTypeCode,relonove,0.0,LTC_close_rate,2021-06-12,2021-09-12
LeadTypeCode,rlremktr,0.09677419,LTC_close_rate,2021-06-12,2021-09-12
LeadTypeCode,rshelios,0.005,LTC_close_rate,2021-06-12,2021-09-12
LeadTypeCode,ctcp90,0.0037980692,LTC_close_rate,2021-06-12,2021-09-12
LeadTypeCode,rpmme,0.375,LTC_close_rate,2021-06-12,2021-09-12
LeadTypeCode,carirsmovrvaco,0.060344826,LTC_close_rate,2021-06-12,2021-09-12
LeadTypeCode,qlrcacof,0.08311182,LTC_close_rate,2021-06-12,2021-09-12
LeadTypeCode,reloplus,0.2857143,LTC_close_rate,2021-06-12,2021-09-12
LeadTypeCode,ltqlrtr,0.0,LTC_close_rate,2021-06-12,2021-09-12
LeadTypeCode,relolowes,0.04918033,LTC_close_rate,2021-06-12,2021-09-12
LeadTypeCode,carisvcrp2,0.14634146,LTC_close_rate,2021-06-12,2021-09-12
LeadTypeCode,carisvcurvthink,0.010043042,LTC_close_rate,2021-06-12,2021-09-12
LeadTypeCode,phquikly500ofr1,0.0,LTC_close_rate,2021-06-12,2021-09-12
LeadTypeCode,relodpnt,0.0,LTC_close_rate,2021-06-12,2021-09-12
LeadTypeCode,relotrc,0.06315789,LTC_close_rate,2021-06-12,2021-09-12
LeadTypeCode,carirsmvrcnst30,0.05285183,LTC_close_rate,2021-06-12,2021-09-12
LeadTypeCode,carisvcurvsearc,0.031055901,LTC_close_rate,2021-06-12,2021-09-12
LeadTypeCode,ltqlspan,0.0,LTC_close_rate,2021-06-12,2021-09-12
LeadTypeCode,reloones,0.026455026,LTC_close_rate,2021-06-12,2021-09-12
LeadTypeCode,rmturboflip,0.25,LTC_close_rate,2021-06-12,2021-09-12
LeadTypeCode,rsnirvanarefig,0.006814846,LTC_close_rate,2021-06-12,2021-09-12
LeadTypeCode,lbqlobex,0.019896831,LTC_close_rate,2021-06-12,2021-09-12
LeadTypeCode,"qlgooapp ",0.0,LTC_close_rate,2021-06-12,2021-09-12
LeadTypeCode,rmrealtorapp,0.0,LTC_close_rate,2021-06-12,2021-09-12
LeadTypeCode,rpsfe,0.29150578,LTC_close_rate,2021-06-12,2021-09-12
LeadTypeCode,ltql,0.014392676,LTC_close_rate,2021-06-12,2021-09-12
LeadTypeCode,ptqlpltv,0.009293064,LTC_close_rate,2021-06-12,2021-09-12
LeadTypeCode,hlbp_university,0.0,LTC_close_rate,2021-06-12,2021-09-12
LeadTypeCode,relocomp,0.5,LTC_close_rate,2021-06-12,2021-09-12
LeadTypeCode,rockreferpurch,0.008474576,LTC_close_rate,2021-06-12,2021-09-12
LeadTypeCode,acnahrep,0.11904762,LTC_close_rate,2021-06-12,2021-09-12
LeadTypeCode,argeneral,0.0,LTC_close_rate,2021-06-12,2021-09-12
LeadTypeCode,carirsrmssearcp,0.027777778,LTC_close_rate,2021-06-12,2021-09-12
LeadTypeCode,hoql1,0.0,LTC_close_rate,2021-06-12,2021-09-12
LeadTypeCode,relofaur,0.0,LTC_close_rate,2021-06-12,2021-09-12
LeadTypeCode,gslt2ex,0.0018091361,LTC_close_rate,2021-06-12,2021-09-12
LeadTypeCode,ojolabs,0.0,LTC_close_rate,2021-06-12,2021-09-12
LeadTypeCode,rpgenman,0.3014354,LTC_close_rate,2021-06-12,2021-09-12
LeadTypeCode,rpsfman,0.38283828,LTC_close_rate,2021-06-12,2021-09-12
LeadTypeCode,crwtscp,0.021698698,LTC_close_rate,2021-06-12,2021-09-12
LeadTypeCode,ihrbbac,0.0049577374,LTC_close_rate,2021-06-12,2021-09-12
LeadTypeCode,relobsto,0.0,LTC_close_rate,2021-06-12,2021-09-12
LeadTypeCode,rpreaob,0.0,LTC_close_rate,2021-06-12,2021-09-12
LeadTypeCode,carirsmvfhaco30,0.06165099,LTC_close_rate,2021-06-12,2021-09-12
LeadTypeCode,concpres,0.0069204154,LTC_close_rate,2021-06-12,2021-09-12
LeadTypeCode,rmkarmachat,0.0,LTC_close_rate,2021-06-12,2021-09-12
LeadTypeCode,nmqlcs,0.03324598,LTC_close_rate,2021-06-12,2021-09-12
LeadTypeCode,rmrealtorman,0.11111111,LTC_close_rate,2021-06-12,2021-09-12
LeadTypeCode,whamv1,0.033915903,LTC_close_rate,2021-06-12,2021-09-12
LeadTypeCode,gsereferrefi,0.0,LTC_close_rate,2021-06-12,2021-09-12
LeadTypeCode,qlrcacofvm,0.025641026,LTC_close_rate,2021-06-12,2021-09-12
LeadTypeCode,qltest,0.0,LTC_close_rate,2021-06-12,2021-09-12
LeadTypeCode,reloalgr,1.0,LTC_close_rate,2021-06-12,2021-09-12
LeadTypeCode,relonike,0.0,LTC_close_rate,2021-06-12,2021-09-12
LeadTypeCode,rpreaoman,0.21839081,LTC_close_rate,2021-06-12,2021-09-12
LeadTypeCode,ftmanual,0.0,LTC_close_rate,2021-06-12,2021-09-12
LeadTypeCode,relowhr,0.07801419,LTC_close_rate,2021-06-12,2021-09-12
LeadTypeCode,rscarihelios3,0.051409617,LTC_close_rate,2021-06-12,2021-09-12
LeadTypeCode,hlbp_kpmg,0.125,LTC_close_rate,2021-06-12,2021-09-12
LeadTypeCode,lbqlselfe,0.0031638243,LTC_close_rate,2021-06-12,2021-09-12
LeadTypeCode,rmmsman,0.27272728,LTC_close_rate,2021-06-12,2021-09-12
LeadTypeCode,rmpcpct,0.008672552,LTC_close_rate,2021-06-12,2021-09-12
LeadTypeCode,carirswd2021lr,0.06834905,LTC_close_rate,2021-06-12,2021-09-12
LeadTypeCode,dilioql,0.008222351,LTC_close_rate,2021-06-12,2021-09-12
LeadTypeCode,fsbodcql1,0.0,LTC_close_rate,2021-06-12,2021-09-12
LeadTypeCode,ltqlpjl,0.0047449586,LTC_close_rate,2021-06-12,2021-09-12
LeadTypeCode,ltqlr1,0.0047286646,LTC_close_rate,2021-06-12,2021-09-12
LeadTypeCode,payofforvcr,0.016,LTC_close_rate,2021-06-12,2021-09-12
LeadTypeCode,phapplenews,0.0,LTC_close_rate,2021-06-12,2021-09-12
LeadTypeCode,relomobile,0.16666667,LTC_close_rate,2021-06-12,2021-09-12
LeadTypeCode,rpmmrpi,0.0,LTC_close_rate,2021-06-12,2021-09-12
LeadTypeCode,tmrlink,0.063725494,LTC_close_rate,2021-06-12,2021-09-12
LeadTypeCode,carircrivaac,0.20703438,LTC_close_rate,2021-06-12,2021-09-12
LeadTypeCode,carirsmovrconco,0.06043862,LTC_close_rate,2021-06-12,2021-09-12
LeadTypeCode,ctaarticle,0.0,LTC_close_rate,2021-06-12,2021-09-12
LeadTypeCode,lbqlesf,0.011484068,LTC_close_rate,2021-06-12,2021-09-12
LeadTypeCode,valoanlpv1,0.032128513,LTC_close_rate,2021-06-12,2021-09-12
LeadTypeCode,biclientref,0.33596838,LTC_close_rate,2021-06-12,2021-09-12
LeadTypeCode,lbqlscre1,0.03146351,LTC_close_rate,2021-06-12,2021-09-12
LeadTypeCode,rsnirvanakw1,0.007662835,LTC_close_rate,2021-06-12,2021-09-12
LeadTypeCode,acsprefi,0.0,LTC_close_rate,2021-06-12,2021-09-12
LeadTypeCode,carircpappxfer,0.06869806,LTC_close_rate,2021-06-12,2021-09-12
LeadTypeCode,caritest,0.2,LTC_close_rate,2021-06-12,2021-09-12
LeadTypeCode,lbqleoo1,0.045009635,LTC_close_rate,2021-06-12,2021-09-12
LeadTypeCode,lbqlp,0.0,LTC_close_rate,2021-06-12,2021-09-12
LeadTypeCode,payoffhs6pvrms,0.0,LTC_close_rate,2021-06-12,2021-09-12
LeadTypeCode,phquiklysep21,0.01584507,LTC_close_rate,2021-06-12,2021-09-12
LeadTypeCode,rpreaor,0.08974719,LTC_close_rate,2021-06-12,2021-09-12
LeadTypeCode,rpsfr,0.14450867,LTC_close_rate,2021-06-12,2021-09-12
LeadTypeCode,freshst,0.00877193,LTC_close_rate,2021-06-12,2021-09-12
LeadTypeCode,relojabcir,0.0,LTC_close_rate,2021-06-12,2021-09-12
LeadTypeCode,carilivrefi,0.077586204,LTC_close_rate,2021-06-12,2021-09-12
LeadTypeCode,lbqleoo90,0.06238859,LTC_close_rate,2021-06-12,2021-09-12
LeadTypeCode,lcqlbsrs,0.010309278,LTC_close_rate,2021-06-12,2021-09-12
LeadTypeCode,qltestwebsite,0.0,LTC_close_rate,2021-06-12,2021-09-12
LeadTypeCode,carilivrefiah,0.0,LTC_close_rate,2021-06-12,2021-09-12
LeadTypeCode,payoffowcr,0.020432692,LTC_close_rate,2021-06-12,2021-09-12
LeadTypeCode,carilivpurchah,0.0,LTC_close_rate,2021-06-12,2021-09-12
LeadTypeCode,relobmsc,0.0,LTC_close_rate,2021-06-12,2021-09-12
LeadTypeCode,carirsmovrconst,0.07865831,LTC_close_rate,2021-06-12,2021-09-12
LeadTypeCode,lbqlobllow,0.0,LTC_close_rate,2021-06-12,2021-09-12
LeadTypeCode,acrcpc,0.008982036,LTC_close_rate,2021-06-12,2021-09-12
LeadTypeCode,carirscod30,0.071386255,LTC_close_rate,2021-06-12,2021-09-12
LeadTypeCode,crwtpayoffr,0.0,LTC_close_rate,2021-06-12,2021-09-12
LeadTypeCode,gsltj,0.0062357415,LTC_close_rate,2021-06-12,2021-09-12
LeadTypeCode,payoffhswivr,0.0,LTC_close_rate,2021-06-12,2021-09-12
LeadTypeCode,ptql1,0.001212355,LTC_close_rate,2021-06-12,2021-09-12
LeadTypeCode,relocry,0.15789473,LTC_close_rate,2021-06-12,2021-09-12
LeadTypeCode,accadillac,0.47398478,LTC_close_rate,2021-06-12,2021-09-12
LeadTypeCode,actyc,0.5,LTC_close_rate,2021-06-12,2021-09-12
LeadTypeCode,rpfib,0.0,LTC_close_rate,2021-06-12,2021-09-12
LeadTypeCode,acrcdigitalnr,0.0021331059,LTC_close_rate,2021-06-12,2021-09-12
LeadTypeCode,carirsmovrconpp,0.07226891,LTC_close_rate,2021-06-12,2021-09-12
LeadTypeCode,govcpresva,0.012121212,LTC_close_rate,2021-06-12,2021-09-12
LeadTypeCode,gslth,0.011233269,LTC_close_rate,2021-06-12,2021-09-12
LeadTypeCode,rpreae,0.07692308,LTC_close_rate,2021-06-12,2021-09-12
LeadTypeCode,rpsf,0.32090732,LTC_close_rate,2021-06-12,2021-09-12
LeadTypeCode,dilioqlfchl,0.001953761,LTC_close_rate,2021-06-12,2021-09-12
LeadTypeCode,phquiklyiframe,0.023105858,LTC_close_rate,2021-06-12,2021-09-12
LeadTypeCode,lbqltlr,0.019427402,LTC_close_rate,2021-06-12,2021-09-12
LeadTypeCode,lolaman,0.25001642,LTC_close_rate,2021-06-12,2021-09-12
LeadTypeCode,relorwell,0.25,LTC_close_rate,2021-06-12,2021-09-12
LeadTypeCode,ltqlp,0.0,LTC_close_rate,2021-06-12,2021-09-12
LeadTypeCode,relopark,0.25,LTC_close_rate,2021-06-12,2021-09-12
LeadTypeCode,rocktestrefiah,0.0,LTC_close_rate,2021-06-12,2021-09-12
LeadTypeCode,rposrs1,0.001509314,LTC_close_rate,2021-06-12,2021-09-12
LeadTypeCode,acauto,0.12922694,LTC_close_rate,2021-06-12,2021-09-12
LeadTypeCode,carirsvelo10,0.06368387,LTC_close_rate,2021-06-12,2021-09-12
LeadTypeCode,gslthe,0.0069532236,LTC_close_rate,2021-06-12,2021-09-12
LeadTypeCode,qsqllf,0.0,LTC_close_rate,2021-06-12,2021-09-12
LeadTypeCode,rgqlj,0.0,LTC_close_rate,2021-06-12,2021-09-12
LeadTypeCode,caqlr,0.0,LTC_close_rate,2021-06-12,2021-09-12
LeadTypeCode,ltqlx1,0.008611007,LTC_close_rate,2021-06-12,2021-09-12
LeadTypeCode,reloant,0.0,LTC_close_rate,2021-06-12,2021-09-12
LeadTypeCode,carirsmovrfhart,0.080922514,LTC_close_rate,2021-06-12,2021-09-12
LeadTypeCode,carisvcurvfound,0.016393442,LTC_close_rate,2021-06-12,2021-09-12
LeadTypeCode,gsltty,0.0,LTC_close_rate,2021-06-12,2021-09-12
LeadTypeCode,relmihrrefi,0.0,LTC_close_rate,2021-06-12,2021-09-12
LeadTypeCode,relopwc,0.1,LTC_close_rate,2021-06-12,2021-09-12
LeadTypeCode,rsinactwebpur1,0.0035596932,LTC_close_rate,2021-06-12,2021-09-12
LeadTypeCode,bcqlffha,0.0032894737,LTC_close_rate,2021-06-12,2021-09-12
LeadTypeCode,carirshrvart,0.0,LTC_close_rate,2021-06-12,2021-09-12
LeadTypeCode,gsereferpurch,0.0,LTC_close_rate,2021-06-12,2021-09-12
LeadTypeCode,lbqlpp,0.002016129,LTC_close_rate,2021-06-12,2021-09-12
LeadTypeCode,schwabivar,0.18014185,LTC_close_rate,2021-06-12,2021-09-12
LeadTypeCode,lbqlscrs1,0.004353873,LTC_close_rate,2021-06-12,2021-09-12
LeadTypeCode,mrcqlr,0.02661597,LTC_close_rate,2021-06-12,2021-09-12
LeadTypeCode,rlman,0.25075528,LTC_close_rate,2021-06-12,2021-09-12
LeadTypeCode,payoffcpwivr,0.0,LTC_close_rate,2021-06-12,2021-09-12
LeadTypeCode,qsurance,0.13725491,LTC_close_rate,2021-06-12,2021-09-12
LeadTypeCode,relosibcy,0.125,LTC_close_rate,2021-06-12,2021-09-12
LeadTypeCode,rpreao,0.17269076,LTC_close_rate,2021-06-12,2021-09-12
adproperty_parsed,APM,0.014134276,adproperty_close_rate,2021-06-12,2021-09-12
adproperty_parsed,EGL,0.062149413,adproperty_close_rate,2021-06-12,2021-09-12
adproperty_parsed,LLA,0.051843196,adproperty_close_rate,2021-06-12,2021-09-12
LeadTypeCode,cadwebcs,0.11741683,LTC_close_rate,2021-06-12,2021-09-12
LeadTypeCode,carirsmvfhapp30,0.035714287,LTC_close_rate,2021-06-12,2021-09-12
LeadTypeCode,fhaprdy,0.0,LTC_close_rate,2021-06-12,2021-09-12
LeadTypeCode,relochem,0.33333334,LTC_close_rate,2021-06-12,2021-09-12
LeadTypeCode,reloonepoint,0.2857143,LTC_close_rate,2021-06-12,2021-09-12
LeadTypeCode,rmcaript,0.21386139,LTC_close_rate,2021-06-12,2021-09-12
LeadTypeCode,rpsfwebemply,0.1980198,LTC_close_rate,2021-06-12,2021-09-12
LeadTypeCode,accpdmr,0.0,LTC_close_rate,2021-06-12,2021-09-12
LeadTypeCode,payofforwivr,0.013678906,LTC_close_rate,2021-06-12,2021-09-12
LeadTypeCode,acchase,0.25,LTC_close_rate,2021-06-12,2021-09-12
LeadTypeCode,carirsmvfhast30,0.0625,LTC_close_rate,2021-06-12,2021-09-12
LeadTypeCode,relojbs,0.0,LTC_close_rate,2021-06-12,2021-09-12
LeadTypeCode,carirshrcrv,0.019183168,LTC_close_rate,2021-06-12,2021-09-12
LeadTypeCode,lbqlrefily,0.006024096,LTC_close_rate,2021-06-12,2021-09-12
LeadTypeCode,lbqlscre2,0.0,LTC_close_rate,2021-06-12,2021-09-12
LeadTypeCode,lcqllars,0.0,LTC_close_rate,2021-06-12,2021-09-12
LeadTypeCode,relowats,0.0,LTC_close_rate,2021-06-12,2021-09-12
LeadTypeCode,rockcaripah,0.0,LTC_close_rate,2021-06-12,2021-09-12
LeadTypeCode,rocktestrefiac,0.0,LTC_close_rate,2021-06-12,2021-09-12
LeadTypeCode,rsnirvanarec1,0.004015134,LTC_close_rate,2021-06-12,2021-09-12
adproperty_parsed,STF,0.08163265,adproperty_close_rate,2021-06-12,2021-09-12
LeadTypeCode,carirscod30pls,0.0616,LTC_close_rate,2021-06-12,2021-09-12
LeadTypeCode,carirsmovrfhast,0.06720977,LTC_close_rate,2021-06-12,2021-09-12
LeadTypeCode,fbqlva,0.10869565,LTC_close_rate,2021-06-12,2021-09-12
LeadTypeCode,msrsvcsv,0.045016076,LTC_close_rate,2021-06-12,2021-09-12
LeadTypeCode,payoffovcr,0.0,LTC_close_rate,2021-06-12,2021-09-12
LeadTypeCode,payoffhswcr,0.0031399769,LTC_close_rate,2021-06-12,2021-09-12
LeadTypeCode,relogsachsls,0.083333336,LTC_close_rate,2021-06-12,2021-09-12
LeadTypeCode,acrcpurchvm,0.012820513,LTC_close_rate,2021-06-12,2021-09-12
LeadTypeCode,bgrpwdlsr,4.1747314E-4,LTC_close_rate,2021-06-12,2021-09-12
LeadTypeCode,fnmasharp,0.0,LTC_close_rate,2021-06-12,2021-09-12
LeadTypeCode,ihrassbk,0.0,LTC_close_rate,2021-06-12,2021-09-12
LeadTypeCode,relotrne,0.06666667,LTC_close_rate,2021-06-12,2021-09-12
LeadTypeCode,reviverefi,0.0070741447,LTC_close_rate,2021-06-12,2021-09-12
LeadTypeCode,rscariprepurch,0.0012886598,LTC_close_rate,2021-06-12,2021-09-12
LeadTypeCode,abcblp,0.0,LTC_close_rate,2021-06-12,2021-09-12
LeadTypeCode,fbqllow,0.03989704,LTC_close_rate,2021-06-12,2021-09-12
LeadTypeCode,hlbp_googleweb,0.0,LTC_close_rate,2021-06-12,2021-09-12
LeadTypeCode,msrrmsfoundp,0.0,LTC_close_rate,2021-06-12,2021-09-12
LeadTypeCode,relogil,0.03125,LTC_close_rate,2021-06-12,2021-09-12
LeadTypeCode,carictdmxmap,0.0115681235,LTC_close_rate,2021-06-12,2021-09-12
LeadTypeCode,carirsrmsthinkp,0.015,LTC_close_rate,2021-06-12,2021-09-12
LeadTypeCode,gsql,0.0,LTC_close_rate,2021-06-12,2021-09-12
LeadTypeCode,gsqlf,0.0066998205,LTC_close_rate,2021-06-12,2021-09-12
LeadTypeCode,lcqlrzp,0.002074689,LTC_close_rate,2021-06-12,2021-09-12
LeadTypeCode,msr2hbrwham,0.18,LTC_close_rate,2021-06-12,2021-09-12
LeadTypeCode,reloalbertsons,0.25,LTC_close_rate,2021-06-12,2021-09-12
LeadTypeCode,relonei,0.094986804,LTC_close_rate,2021-06-12,2021-09-12
LeadTypeCode,rmamexpapp,0.12195122,LTC_close_rate,2021-06-12,2021-09-12
LeadTypeCode,carirshrfhart,0.0,LTC_close_rate,2021-06-12,2021-09-12
LeadTypeCode,gsql97,0.0022935779,LTC_close_rate,2021-06-12,2021-09-12
LeadTypeCode,ltqlpfhall,0.0,LTC_close_rate,2021-06-12,2021-09-12
LeadTypeCode,payofforvrms,0.013582343,LTC_close_rate,2021-06-12,2021-09-12
LeadTypeCode,rpmmoref,0.0,LTC_close_rate,2021-06-12,2021-09-12
adproperty_parsed,LMB,0.04883011,adproperty_close_rate,2021-06-12,2021-09-12
adproperty_parsed,LMX,0.007611241,adproperty_close_rate,2021-06-12,2021-09-12
LeadTypeCode,blkmls2,1.0151048E-4,LTC_close_rate,2021-06-12,2021-09-12
LeadTypeCode,cadbicref,0.46153846,LTC_close_rate,2021-06-12,2021-09-12
LeadTypeCode,rhsearchv1,0.0,LTC_close_rate,2021-06-12,2021-09-12
LeadTypeCode,accariplylty,0.0,LTC_close_rate,2021-06-12,2021-09-12
LeadTypeCode,fbqle,0.022435898,LTC_close_rate,2021-06-12,2021-09-12
LeadTypeCode,ihrhott,0.0,LTC_close_rate,2021-06-12,2021-09-12
LeadTypeCode,rgqlharp,0.0054734536,LTC_close_rate,2021-06-12,2021-09-12
LeadTypeCode,rockreferrefi,0.021428572,LTC_close_rate,2021-06-12,2021-09-12
LeadTypeCode,alexaleadr,0.0,LTC_close_rate,2021-06-12,2021-09-12
LeadTypeCode,frqlep,0.0,LTC_close_rate,2021-06-12,2021-09-12
LeadTypeCode,payoffcpvcr,0.013840831,LTC_close_rate,2021-06-12,2021-09-12
LeadTypeCode,relotfsc,0.0,LTC_close_rate,2021-06-12,2021-09-12
LeadTypeCode,acdc,0.040601503,LTC_close_rate,2021-06-12,2021-09-12
LeadTypeCode,carirspixietest,0.078431375,LTC_close_rate,2021-06-12,2021-09-12
LeadTypeCode,relocoag,0.2,LTC_close_rate,2021-06-12,2021-09-12
LeadTypeCode,relofreep,0.0,LTC_close_rate,2021-06-12,2021-09-12
adproperty_parsed,HAS,0.0,adproperty_close_rate,2021-06-12,2021-09-12
adproperty_parsed,LWB,0.0755329,adproperty_close_rate,2021-06-12,2021-09-12
LeadTypeCode,fbqlef,0.0,LTC_close_rate,2021-06-12,2021-09-12
LeadTypeCode,jumbormkt,8.4018265E-4,LTC_close_rate,2021-06-12,2021-09-12
LeadTypeCode,lmblpv3,0.04526156,LTC_close_rate,2021-06-12,2021-09-12
LeadTypeCode,oprp,1.0,LTC_close_rate,2021-06-12,2021-09-12
LeadTypeCode,relocity,0.0,LTC_close_rate,2021-06-12,2021-09-12
LeadTypeCode,relonord,0.0,LTC_close_rate,2021-06-12,2021-09-12
LeadTypeCode,whamespv1,0.006959153,LTC_close_rate,2021-06-12,2021-09-12
LeadTypeCode,carirsmvrcnpp30,0.026785715,LTC_close_rate,2021-06-12,2021-09-12
LeadTypeCode,precoveryp,0.0011510128,LTC_close_rate,2021-06-12,2021-09-12
LeadTypeCode,accadas,0.34615386,LTC_close_rate,2021-06-12,2021-09-12
LeadTypeCode,acsppur,0.0,LTC_close_rate,2021-06-12,2021-09-12
LeadTypeCode,carirsmovrva18,0.064327486,LTC_close_rate,2021-06-12,2021-09-12
LeadTypeCode,carirsnointov,0.027027028,LTC_close_rate,2021-06-12,2021-09-12
LeadTypeCode,frqlh,0.0234375,LTC_close_rate,2021-06-12,2021-09-12
LeadTypeCode,hlbpac,0.15555556,LTC_close_rate,2021-06-12,2021-09-12
LeadTypeCode,rmkarmaapp,0.13636364,LTC_close_rate,2021-06-12,2021-09-12
LeadTypeCode,carirshbfha,0.10060976,LTC_close_rate,2021-06-12,2021-09-12
LeadTypeCode,mrcqlpl,0.0,LTC_close_rate,2021-06-12,2021-09-12
LeadTypeCode,reloalta,0.083798885,LTC_close_rate,2021-06-12,2021-09-12
LeadTypeCode,relostap,0.0,LTC_close_rate,2021-06-12,2021-09-12
LeadTypeCode,rsnirvanarefigt,0.005268386,LTC_close_rate,2021-06-12,2021-09-12
adproperty_parsed,SUP,0.0,adproperty_close_rate,2021-06-12,2021-09-12
LeadTypeCode,carictdmxmar,0.04400284,LTC_close_rate,2021-06-12,2021-09-12
LeadTypeCode,rocktestpurchac,0.0,LTC_close_rate,2021-06-12,2021-09-12
LeadTypeCode,carirsmovrvapp,0.043902438,LTC_close_rate,2021-06-12,2021-09-12
adproperty_parsed,rsl,0.0,adproperty_close_rate,2021-06-12,2021-09-12
LeadTypeCode,acp313ooh,0.0,LTC_close_rate,2021-06-12,2021-09-12
LeadTypeCode,acrcdigital,0.005794702,LTC_close_rate,2021-06-12,2021-09-12
LeadTypeCode,cadporfc,0.26088795,LTC_close_rate,2021-06-12,2021-09-12
LeadTypeCode,cadpormc,0.0,LTC_close_rate,2021-06-12,2021-09-12
LeadTypeCode,rsnirvanaet1,0.009155646,LTC_close_rate,2021-06-12,2021-09-12
LeadTypeCode,carircpivaac,0.030303031,LTC_close_rate,2021-06-12,2021-09-12
LeadTypeCode,lbqlpm,0.012658228,LTC_close_rate,2021-06-12,2021-09-12
LeadTypeCode,relohshy,0.0,LTC_close_rate,2021-06-12,2021-09-12
LeadTypeCode,relowalgr,0.1,LTC_close_rate,2021-06-12,2021-09-12
LeadTypeCode,cariaqn2hrbr,0.08134583,LTC_close_rate,2021-06-12,2021-09-12
LeadTypeCode,crwtscr,0.045905482,LTC_close_rate,2021-06-12,2021-09-12
LeadTypeCode,relotday,0.09677419,LTC_close_rate,2021-06-12,2021-09-12
LeadTypeCode,bcqlva,0.0,LTC_close_rate,2021-06-12,2021-09-12
LeadTypeCode,ojql,0.0047370913,LTC_close_rate,2021-06-12,2021-09-12
adproperty_parsed,APP,0.09465021,adproperty_close_rate,2021-06-12,2021-09-12
LeadTypeCode,carirsnointnv,0.02897898,LTC_close_rate,2021-06-12,2021-09-12
LeadTypeCode,carirsnoreclead,0.16315888,LTC_close_rate,2021-06-12,2021-09-12
LeadTypeCode,fbqlvas,0.011548556,LTC_close_rate,2021-06-12,2021-09-12
LeadTypeCode,ptqlpp,0.0016,LTC_close_rate,2021-06-12,2021-09-12
LeadTypeCode,carirshrconrt,0.01754386,LTC_close_rate,2021-06-12,2021-09-12
LeadTypeCode,rmamexhap,0.15670589,LTC_close_rate,2021-06-12,2021-09-12
LeadTypeCode,rsinactwd30p,0.002638701,LTC_close_rate,2021-06-12,2021-09-12
LeadTypeCode,acfmsem,0.0,LTC_close_rate,2021-06-12,2021-09-12
LeadTypeCode,govcpresfha,0.016503353,LTC_close_rate,2021-06-12,2021-09-12
LeadTypeCode,rlremktscp,0.028571429,LTC_close_rate,2021-06-12,2021-09-12
adproperty_parsed,ESC,0.14468338,adproperty_close_rate,2021-06-12,2021-09-12
LeadTypeCode,crmcl,0.11204013,LTC_close_rate,2021-06-12,2021-09-12
LeadTypeCode,ctacauto,0.0068610637,LTC_close_rate,2021-06-12,2021-09-12
LeadTypeCode,lbqlesf1,0.005524862,LTC_close_rate,2021-06-12,2021-09-12
LeadTypeCode,msrrmsurvey,0.10092962,LTC_close_rate,2021-06-12,2021-09-12
LeadTypeCode,rplt,0.22916667,LTC_close_rate,2021-06-12,2021-09-12
LeadTypeCode,carirshrfhaco,0.023529412,LTC_close_rate,2021-06-12,2021-09-12
LeadTypeCode,reloconta,0.0,LTC_close_rate,2021-06-12,2021-09-12
LeadTypeCode,rpltr,0.0,LTC_close_rate,2021-06-12,2021-09-12
LeadTypeCode,whalfrkt,0.07262888,LTC_close_rate,2021-06-12,2021-09-12
adproperty_parsed,axp,0.15673393,adproperty_close_rate,2021-06-12,2021-09-12
adproperty_parsed,RDT,0.25,adproperty_close_rate,2021-06-12,2021-09-12
LeadTypeCode,acmanual,0.18255356,LTC_close_rate,2021-06-12,2021-09-12
LeadTypeCode,bgrpwdlsp,0.0,LTC_close_rate,2021-06-12,2021-09-12
LeadTypeCode,chatblf,0.03309978,LTC_close_rate,2021-06-12,2021-09-12
LeadTypeCode,crmclspn,0.02631579,LTC_close_rate,2021-06-12,2021-09-12
LeadTypeCode,fbqlco,0.012061403,LTC_close_rate,2021-06-12,2021-09-12
LeadTypeCode,lbqlscre5,0.01904762,LTC_close_rate,2021-06-12,2021-09-12
LeadTypeCode,relosignature,0.0,LTC_close_rate,2021-06-12,2021-09-12
LeadTypeCode,rmkarmapapp,0.073529415,LTC_close_rate,2021-06-12,2021-09-12
LeadTypeCode,carirshmwrk,0.12802768,LTC_close_rate,2021-06-12,2021-09-12
LeadTypeCode,lbqlob,0.0049301563,LTC_close_rate,2021-06-12,2021-09-12
LeadTypeCode,lgqllow,0.013498836,LTC_close_rate,2021-06-12,2021-09-12
LeadTypeCode,relotransfer,0.0,LTC_close_rate,2021-06-12,2021-09-12
adproperty_parsed,CRT,0.0,adproperty_close_rate,2021-06-12,2021-09-12
adproperty_parsed,RHP,0.0,adproperty_close_rate,2021-06-12,2021-09-12
LeadTypeCode,ptql2,0.011363637,LTC_close_rate,2021-06-12,2021-09-12
LeadTypeCode,qsqltc,0.0,LTC_close_rate,2021-06-12,2021-09-12
LeadTypeCode,relousss,0.0,LTC_close_rate,2021-06-12,2021-09-12
adproperty_parsed,QLL,0.25,adproperty_close_rate,2021-06-12,2021-09-12
adproperty_parsed,RMM,0.0,adproperty_close_rate,2021-06-12,2021-09-12
LeadTypeCode,rsnirvanafvst1,8.0450525E-4,LTC_close_rate,2021-06-12,2021-09-12
adproperty_parsed,CRO,0.0,adproperty_close_rate,2021-06-12,2021-09-12
adproperty_parsed,VMD,0.0,adproperty_close_rate,2021-06-12,2021-09-12
LeadTypeCode,whalf,0.022169463,LTC_close_rate,2021-06-12,2021-09-12
adproperty_parsed,BRT,0.01127336,adproperty_close_rate,2021-06-12,2021-09-12
LeadTypeCode,acrcpurch,0.0339125,LTC_close_rate,2021-06-12,2021-09-12
LeadTypeCode,payofforvrmsa,0.04888048,LTC_close_rate,2021-06-12,2021-09-12
LeadTypeCode,qlrcacofiva,0.060527455,LTC_close_rate,2021-06-12,2021-09-12
LeadTypeCode,relograe,0.051327433,LTC_close_rate,2021-06-12,2021-09-12
LeadTypeCode,carirshrvaco,0.0,LTC_close_rate,2021-06-12,2021-09-12
adproperty_parsed,_14,0.0,adproperty_close_rate,2021-06-12,2021-09-12
LeadTypeCode,caridmomr,0.0,LTC_close_rate,2021-06-12,2021-09-12
LeadTypeCode,lbqlscrs2,0.0034441191,LTC_close_rate,2021-06-12,2021-09-12
LeadTypeCode,ptqlf,0.0023364485,LTC_close_rate,2021-06-12,2021-09-12
LeadTypeCode,qlcollfo,0.07557118,LTC_close_rate,2021-06-12,2021-09-12
LeadTypeCode,rpmmo,0.24324325,LTC_close_rate,2021-06-12,2021-09-12
adproperty_parsed,CEX,0.0,adproperty_close_rate,2021-06-12,2021-09-12
adproperty_parsed,MQL,0.28022805,adproperty_close_rate,2021-06-12,2021-09-12
LeadTypeCode,lbqltlr1,0.015819209,LTC_close_rate,2021-06-12,2021-09-12
LeadTypeCode,ltqlruloc,0.0,LTC_close_rate,2021-06-12,2021-09-12
LeadTypeCode,rmkarmahap,0.05903903,LTC_close_rate,2021-06-12,2021-09-12
LeadTypeCode,rmrealtorhap,0.01535907,LTC_close_rate,2021-06-12,2021-09-12
LeadTypeCode,rpfi,0.21372032,LTC_close_rate,2021-06-12,2021-09-12
adproperty_parsed,rhm,0.0,adproperty_close_rate,2021-06-12,2021-09-12
LeadTypeCode,assump,0.05,LTC_close_rate,2021-06-12,2021-09-12
LeadTypeCode,carirshrconco,0.009860313,LTC_close_rate,2021-06-12,2021-09-12
LeadTypeCode,carirslowmdlscr,0.042469136,LTC_close_rate,2021-06-12,2021-09-12
LeadTypeCode,fbqlvaf,0.0,LTC_close_rate,2021-06-12,2021-09-12
LeadTypeCode,progpiespv1,0.0,LTC_close_rate,2021-06-12,2021-09-12
LeadTypeCode,rprman,0.14166667,LTC_close_rate,2021-06-12,2021-09-12
LeadTypeCode,zingarticle,0.0,LTC_close_rate,2021-06-12,2021-09-12
adproperty_parsed,QOS,0.12244898,adproperty_close_rate,2021-06-12,2021-09-12
LeadTypeCode,carirshrfhast,0.07692308,LTC_close_rate,2021-06-12,2021-09-12
LeadTypeCode,relobrook,0.15263158,LTC_close_rate,2021-06-12,2021-09-12
LeadTypeCode,relogms,0.13675214,LTC_close_rate,2021-06-12,2021-09-12
LeadTypeCode,rsnirvanarefi5,0.015242165,LTC_close_rate,2021-06-12,2021-09-12
adproperty_parsed,MPM,0.0,adproperty_close_rate,2021-06-12,2021-09-12
adproperty_parsed,MPA,0.0,adproperty_close_rate,2021-06-12,2021-09-12
LeadTypeCode,rlrcpurch,0.053537283,LTC_close_rate,2021-06-12,2021-09-12
LeadTypeCode,rmrealtorfair,0.0039426223,LTC_close_rate,2021-06-12,2021-09-12
LeadTypeCode,rpgenr,0.13913043,LTC_close_rate,2021-06-12,2021-09-12
LeadTypeCode,rporgman,0.0,LTC_close_rate,2021-06-12,2021-09-12
LeadTypeCode,alexaleadp,0.0,LTC_close_rate,2021-06-12,2021-09-12
LeadTypeCode,bkqlrtp,0.006858568,LTC_close_rate,2021-06-12,2021-09-12
LeadTypeCode,relocorp,0.12328767,LTC_close_rate,2021-06-12,2021-09-12
LeadTypeCode,relounaff,0.21212122,LTC_close_rate,2021-06-12,2021-09-12
State,OF,0.0,state_close_rate,2021-06-12,2021-09-12
adproperty_parsed,FSB,0.0,adproperty_close_rate,2021-06-12,2021-09-12
State,ON,0.0,state_close_rate,2021-06-12,2021-09-12
adproperty_parsed,BMM,0.0,adproperty_close_rate,2021-06-12,2021-09-12
adproperty_parsed,RMA,0.0,adproperty_close_rate,2021-06-12,2021-09-12
LeadTypeCode,frqlbep,0.023715414,LTC_close_rate,2021-06-12,2021-09-12
LeadTypeCode,qlms,0.5898998,LTC_close_rate,2021-06-12,2021-09-12
LeadTypeCode,rlrcrefi,0.15466262,LTC_close_rate,2021-06-12,2021-09-12
LeadTypeCode,rsnirvanaco1,0.0024050025,LTC_close_rate,2021-06-12,2021-09-12
LeadTypeCode,acibm,1.0,LTC_close_rate,2021-06-12,2021-09-12
LeadTypeCode,screwrite,0.082745545,LTC_close_rate,2021-06-12,2021-09-12
State,AB,0.0,state_close_rate,2021-06-12,2021-09-12
LeadTypeCode,acrcpurchnr,0.022502098,LTC_close_rate,2021-06-12,2021-09-12
LeadTypeCode,carirshrconpp,0.0,LTC_close_rate,2021-06-12,2021-09-12
LeadTypeCode,reloaires,0.054347824,LTC_close_rate,2021-06-12,2021-09-12
LeadTypeCode,relohome,0.0,LTC_close_rate,2021-06-12,2021-09-12
LeadTypeCode,zlqlx,0.0,LTC_close_rate,2021-06-12,2021-09-12
LeadTypeCode,relowndy,0.0,LTC_close_rate,2021-06-12,2021-09-12
LeadTypeCode,rgqlva,0.027522936,LTC_close_rate,2021-06-12,2021-09-12
LeadTypeCode,rmkarmaman,0.16666667,LTC_close_rate,2021-06-12,2021-09-12
LeadTypeCode,carirsrefinow,0.06013363,LTC_close_rate,2021-06-12,2021-09-12
LeadTypeCode,lcqlbstc,0.0,LTC_close_rate,2021-06-12,2021-09-12
LeadTypeCode,relogate,0.36363637,LTC_close_rate,2021-06-12,2021-09-12
LeadTypeCode,relopcoa,0.0,LTC_close_rate,2021-06-12,2021-09-12
LeadTypeCode,rmamexchat,0.0,LTC_close_rate,2021-06-12,2021-09-12
adproperty_parsed,LMS,0.038186725,adproperty_close_rate,2021-06-12,2021-09-12
State,MH,0.0,state_close_rate,2021-06-12,2021-09-12
LeadTypeCode,carirshrconst,0.023529412,LTC_close_rate,2021-06-12,2021-09-12
LeadTypeCode,dilioqlp,0.0014829461,LTC_close_rate,2021-06-12,2021-09-12
LeadTypeCode,relolawr,0.29411766,LTC_close_rate,2021-06-12,2021-09-12
LeadTypeCode,reloneiup,0.16923077,LTC_close_rate,2021-06-12,2021-09-12
LeadTypeCode,relorecn,0.069767445,LTC_close_rate,2021-06-12,2021-09-12
LeadTypeCode,relosbux,0.0,LTC_close_rate,2021-06-12,2021-09-12
LeadTypeCode,rsnirvanatcpa2,0.014541387,LTC_close_rate,2021-06-12,2021-09-12
LeadTypeCode,relourban,0.018518519,LTC_close_rate,2021-06-12,2021-09-12
adproperty_parsed,CDT,0.02724758,adproperty_close_rate,2021-06-12,2021-09-12
State,,0.0,state_close_rate,2021-06-12,2021-09-12
LeadTypeCode,relokeyes,0.0,LTC_close_rate,2021-06-12,2021-09-12
LeadTypeCode,rlsvr,0.023283944,LTC_close_rate,2021-06-12,2021-09-12
LeadTypeCode,rockcarirah,0.116504855,LTC_close_rate,2021-06-12,2021-09-12
LeadTypeCode,carictrt,0.024222454,LTC_close_rate,2021-06-12,2021-09-12
LeadTypeCode,carirsmovrfhaco,0.05998763,LTC_close_rate,2021-06-12,2021-09-12
LeadTypeCode,msrsvcsurv,0.14545454,LTC_close_rate,2021-06-12,2021-09-12
LeadTypeCode,carirsmvrcnco30,0.052386396,LTC_close_rate,2021-06-12,2021-09-12
LeadTypeCode,chatql,0.22608696,LTC_close_rate,2021-06-12,2021-09-12
LeadTypeCode,ltqlx2,0.01098504,LTC_close_rate,2021-06-12,2021-09-12
LeadTypeCode,qlstr,0.021052632,LTC_close_rate,2021-06-12,2021-09-12
LeadTypeCode,rmsfhap,0.08045977,LTC_close_rate,2021-06-12,2021-09-12
LeadTypeCode,relocorn,0.101265825,LTC_close_rate,2021-06-12,2021-09-12
LeadTypeCode,relosoup,0.0,LTC_close_rate,2021-06-12,2021-09-12
adproperty_parsed,PEK,0.02397021,adproperty_close_rate,2021-06-12,2021-09-12
LeadTypeCode,acloyalty,0.0,LTC_close_rate,2021-06-12,2021-09-12
LeadTypeCode,carirsmovrcon18,0.04852723,LTC_close_rate,2021-06-12,2021-09-12
adproperty_parsed,RMZ,0.12471132,adproperty_close_rate,2021-06-12,2021-09-12
LeadTypeCode,biffref,0.43253967,LTC_close_rate,2021-06-12,2021-09-12
LeadTypeCode,ctcp90plus,0.006802721,LTC_close_rate,2021-06-12,2021-09-12
adproperty_parsed,GBR,0.08904751,adproperty_close_rate,2021-06-12,2021-09-12
adproperty_parsed,LMP,0.028788708,adproperty_close_rate,2021-06-12,2021-09-12
adproperty_parsed,SHA,0.0,adproperty_close_rate,2021-06-12,2021-09-12
LeadTypeCode,lbqlscrll,0.003621366,LTC_close_rate,2021-06-12,2021-09-12
LeadTypeCode,relokbslp,0.5,LTC_close_rate,2021-06-12,2021-09-12
adproperty_parsed,,0.04262438,adproperty_close_rate,2021-06-12,2021-09-12
adproperty_parsed,IFM,0.00655106,adproperty_close_rate,2021-06-12,2021-09-12
adproperty_parsed,132,0.0,adproperty_close_rate,2021-06-12,2021-09-12
adproperty_parsed,ARB,0.0,adproperty_close_rate,2021-06-12,2021-09-12
adproperty_parsed,IMT,0.032809872,adproperty_close_rate,2021-06-12,2021-09-12
adproperty_parsed,qls,0.0,adproperty_close_rate,2021-06-12,2021-09-12
LeadTypeCode,carirsmvfhart30,0.04953146,LTC_close_rate,2021-06-12,2021-09-12
LeadTypeCode,ltqlx4,0.010106331,LTC_close_rate,2021-06-12,2021-09-12
adproperty_parsed,FRU,0.035236083,adproperty_close_rate,2021-06-12,2021-09-12
adproperty_parsed,DMJ,0.14285715,adproperty_close_rate,2021-06-12,2021-09-12
adproperty_parsed,IOA,0.055700157,adproperty_close_rate,2021-06-12,2021-09-12
adproperty_parsed,TPT,0.0,adproperty_close_rate,2021-06-12,2021-09-12
adproperty_parsed,enl,0.0,adproperty_close_rate,2021-06-12,2021-09-12
adproperty_parsed,MGK,0.0,adproperty_close_rate,2021-06-12,2021-09-12
adproperty_parsed,NMW,0.0,adproperty_close_rate,2021-06-12,2021-09-12
adproperty_parsed,RBM,0.073288776,adproperty_close_rate,2021-06-12,2021-09-12
adproperty_parsed,ZNG,0.02661597,adproperty_close_rate,2021-06-12,2021-09-12
LeadTypeCode,acrcrh,0.009940358,LTC_close_rate,2021-06-12,2021-09-12
LeadTypeCode,carisvcblkmls,0.008944544,LTC_close_rate,2021-06-12,2021-09-12
LeadTypeCode,carisvcduptest,0.05712282,LTC_close_rate,2021-06-12,2021-09-12
LeadTypeCode,reloxonex,0.011235955,LTC_close_rate,2021-06-12,2021-09-12
LeadTypeCode,rlrcrefiiva,0.053846154,LTC_close_rate,2021-06-12,2021-09-12
LeadTypeCode,rockcaripurch,0.06510682,LTC_close_rate,2021-06-12,2021-09-12
adproperty_parsed,DMP,0.027559055,adproperty_close_rate,2021-06-12,2021-09-12
adproperty_parsed,BZG,0.015527951,adproperty_close_rate,2021-06-12,2021-09-12
adproperty_parsed,MDF,0.056574922,adproperty_close_rate,2021-06-12,2021-09-12
LeadTypeCode,acreferral,0.8,LTC_close_rate,2021-06-12,2021-09-12
LeadTypeCode,gsltpf,0.0,LTC_close_rate,2021-06-12,2021-09-12
LeadTypeCode,payofforwcr,0.02363534,LTC_close_rate,2021-06-12,2021-09-12
LeadTypeCode,rshotsaucepe,0.0027601435,LTC_close_rate,2021-06-12,2021-09-12
adproperty_parsed,BMB,0.0,adproperty_close_rate,2021-06-12,2021-09-12
adproperty_parsed,FBI,0.02919273,adproperty_close_rate,2021-06-12,2021-09-12
adproperty_parsed,RND,0.026678141,adproperty_close_rate,2021-06-12,2021-09-12
LeadTypeCode,carirshbcon,0.05574188,LTC_close_rate,2021-06-12,2021-09-12
LeadTypeCode,lgqlp,0.0037927635,LTC_close_rate,2021-06-12,2021-09-12
LeadTypeCode,rmturboapp,0.25,LTC_close_rate,2021-06-12,2021-09-12
adproperty_parsed,RHB,0.0,adproperty_close_rate,2021-06-12,2021-09-12
adproperty_parsed,SPY,0.0,adproperty_close_rate,2021-06-12,2021-09-12
adproperty_parsed,MBR,0.0926651,adproperty_close_rate,2021-06-12,2021-09-12
adproperty_parsed,LTA,0.03375,adproperty_close_rate,2021-06-12,2021-09-12
adproperty_parsed,SYS,0.025217032,adproperty_close_rate,2021-06-12,2021-09-12
adproperty_parsed,LMA,0.0,adproperty_close_rate,2021-06-12,2021-09-12
LeadTypeCode,rhctaarticle,0.0,LTC_close_rate,2021-06-12,2021-09-12
LeadTypeCode,rsnirvanarec2,0.0085884165,LTC_close_rate,2021-06-12,2021-09-12
adproperty_parsed,BAL,0.04074074,adproperty_close_rate,2021-06-12,2021-09-12
adproperty_parsed,DMS,0.0,adproperty_close_rate,2021-06-12,2021-09-12
adproperty_parsed,GAW,0.018386178,adproperty_close_rate,2021-06-12,2021-09-12
adproperty_parsed,LDS,0.045469854,adproperty_close_rate,2021-06-12,2021-09-12
adproperty_parsed,SGL,0.12237999,adproperty_close_rate,2021-06-12,2021-09-12
adproperty_parsed,CFF,0.053833842,adproperty_close_rate,2021-06-12,2021-09-12
adproperty_parsed,CMA,0.0,adproperty_close_rate,2021-06-12,2021-09-12
adproperty_parsed,LDT,0.056263737,adproperty_close_rate,2021-06-12,2021-09-12
adproperty_parsed,RHE,0.074074075,adproperty_close_rate,2021-06-12,2021-09-12
adproperty_parsed,RHM,0.020719739,adproperty_close_rate,2021-06-12,2021-09-12
LeadTypeCode,ctnc90plus,0.004448359,LTC_close_rate,2021-06-12,2021-09-12
LeadTypeCode,frqlpsp,0.006263982,LTC_close_rate,2021-06-12,2021-09-12
LeadTypeCode,lcqllatc,0.0,LTC_close_rate,2021-06-12,2021-09-12
LeadTypeCode,lcqlrm,0.013043478,LTC_close_rate,2021-06-12,2021-09-12
LeadTypeCode,mrwdsac,0.0,LTC_close_rate,2021-06-12,2021-09-12
LeadTypeCode,qsql1,0.004685272,LTC_close_rate,2021-06-12,2021-09-12
LeadTypeCode,rlapp,0.22560975,LTC_close_rate,2021-06-12,2021-09-12
LeadTypeCode,test,0.0,LTC_close_rate,2021-06-12,2021-09-12
adproperty_parsed,ASU,0.01997147,adproperty_close_rate,2021-06-12,2021-09-12
LeadTypeCode,cadpremier,0.65384614,LTC_close_rate,2021-06-12,2021-09-12
LeadTypeCode,carirshrplnbi,0.027777778,LTC_close_rate,2021-06-12,2021-09-12
LeadTypeCode,carirsmovrconrt,0.09542387,LTC_close_rate,2021-06-12,2021-09-12
LeadTypeCode,gsltrt,0.10486891,LTC_close_rate,2021-06-12,2021-09-12
LeadTypeCode,rsprepurchl,0.0018382353,LTC_close_rate,2021-06-12,2021-09-12
adproperty_parsed,MBM,0.103235744,adproperty_close_rate,2021-06-12,2021-09-12
adproperty_parsed,MNT,0.0,adproperty_close_rate,2021-06-12,2021-09-12
adproperty_parsed,RKT,0.04511278,adproperty_close_rate,2021-06-12,2021-09-12
adproperty_parsed,FSR,0.0,adproperty_close_rate,2021-06-12,2021-09-12
adproperty_parsed,Mor,0.019607844,adproperty_close_rate,2021-06-12,2021-09-12
adproperty_parsed,USB,0.0,adproperty_close_rate,2021-06-12,2021-09-12
adproperty_parsed,QMM,0.11026743,adproperty_close_rate,2021-06-12,2021-09-12
adproperty_parsed,DMB,0.0,adproperty_close_rate,2021-06-12,2021-09-12
adproperty_parsed,NAT,0.015286935,adproperty_close_rate,2021-06-12,2021-09-12
adproperty_parsed,FTY,0.0,adproperty_close_rate,2021-06-12,2021-09-12
adproperty_parsed,QLS,1.0,adproperty_close_rate,2021-06-12,2021-09-12
adproperty_parsed,CLD,0.0,adproperty_close_rate,2021-06-12,2021-09-12
adproperty_parsed,LMD,0.037283044,adproperty_close_rate,2021-06-12,2021-09-12
adproperty_parsed,MIL,0.0,adproperty_close_rate,2021-06-12,2021-09-12
adproperty_parsed,FBK,0.037008774,adproperty_close_rate,2021-06-12,2021-09-12
adproperty_parsed,MFS,0.013280352,adproperty_close_rate,2021-06-12,2021-09-12
adproperty_parsed,NWR,0.061262958,adproperty_close_rate,2021-06-12,2021-09-12
adproperty_parsed,POD,0.0,adproperty_close_rate,2021-06-12,2021-09-12
State,MEX,0.0,state_close_rate,2021-06-12,2021-09-12
State,WI,0.024732629,state_close_rate,2021-06-12,2021-09-12
adproperty_parsed,LMM,0.033130504,adproperty_close_rate,2021-06-12,2021-09-12
adproperty_parsed,DMV,0.1923077,adproperty_close_rate,2021-06-12,2021-09-12
adproperty_parsed,QNS,0.08599278,adproperty_close_rate,2021-06-12,2021-09-12
State,ID,0.04299693,state_close_rate,2021-06-12,2021-09-12
State,CA,0.06913812,state_close_rate,2021-06-12,2021-09-12
adproperty_parsed,RHQ,0.036036037,adproperty_close_rate,2021-06-12,2021-09-12
adproperty_parsed,LAA,0.13043478,adproperty_close_rate,2021-06-12,2021-09-12
adproperty_parsed,RYM,0.0,adproperty_close_rate,2021-06-12,2021-09-12
adproperty_parsed,SOC,0.15384616,adproperty_close_rate,2021-06-12,2021-09-12
adproperty_parsed,DMR,0.0,adproperty_close_rate,2021-06-12,2021-09-12
adproperty_parsed,HUL,0.0,adproperty_close_rate,2021-06-12,2021-09-12
adproperty_parsed,DMF,0.123222746,adproperty_close_rate,2021-06-12,2021-09-12
State,CT,0.030855808,state_close_rate,2021-06-12,2021-09-12
State,NE,0.029277792,state_close_rate,2021-06-12,2021-09-12
adproperty_parsed,DTV,0.0,adproperty_close_rate,2021-06-12,2021-09-12
State,MT,0.033472303,state_close_rate,2021-06-12,2021-09-12
State,AE,0.055555556,state_close_rate,2021-06-12,2021-09-12
adproperty_parsed,MTM,0.1875,adproperty_close_rate,2021-06-12,2021-09-12
State,SLP,0.0,state_close_rate,2021-06-12,2021-09-12
adproperty_parsed,['Q,0.0,adproperty_close_rate,2021-06-12,2021-09-12
adproperty_parsed,SMR,0.009049774,adproperty_close_rate,2021-06-12,2021-09-12
adproperty_parsed,GMO,0.013603549,adproperty_close_rate,2021-06-12,2021-09-12
adproperty_parsed,CNV,0.0,adproperty_close_rate,2021-06-12,2021-09-12
adproperty_parsed,LMN,0.05313433,adproperty_close_rate,2021-06-12,2021-09-12
State,IA,0.022591436,state_close_rate,2021-06-12,2021-09-12
State,NM,0.029789321,state_close_rate,2021-06-12,2021-09-12
adproperty_parsed,CAO,0.03136951,adproperty_close_rate,2021-06-12,2021-09-12
adproperty_parsed,EML,0.2,adproperty_close_rate,2021-06-12,2021-09-12
adproperty_parsed,LMT,0.029411765,adproperty_close_rate,2021-06-12,2021-09-12
adproperty_parsed,RLB,0.21019353,adproperty_close_rate,2021-06-12,2021-09-12
State,PA,0.0286374,state_close_rate,2021-06-12,2021-09-12
adproperty_parsed,RHD,0.0,adproperty_close_rate,2021-06-12,2021-09-12
adproperty_parsed,ABC,0.0,adproperty_close_rate,2021-06-12,2021-09-12
adproperty_parsed,NTR,0.05882353,adproperty_close_rate,2021-06-12,2021-09-12
adproperty_parsed,rhs,0.0,adproperty_close_rate,2021-06-12,2021-09-12
State,WV,0.023684543,state_close_rate,2021-06-12,2021-09-12
State,PW,0.0,state_close_rate,2021-06-12,2021-09-12
adproperty_parsed,BST,0.009786989,adproperty_close_rate,2021-06-12,2021-09-12
adproperty_parsed,MVO,0.039534885,adproperty_close_rate,2021-06-12,2021-09-12
adproperty_parsed,NDW,0.04452055,adproperty_close_rate,2021-06-12,2021-09-12
adproperty_parsed,zng,0.0,adproperty_close_rate,2021-06-12,2021-09-12
adproperty_parsed,DMI,0.029126214,adproperty_close_rate,2021-06-12,2021-09-12
adproperty_parsed,FDR,0.08988764,adproperty_close_rate,2021-06-12,2021-09-12
adproperty_parsed,RLR,0.113434725,adproperty_close_rate,2021-06-12,2021-09-12
adproperty_parsed,RNM,0.011760513,adproperty_close_rate,2021-06-12,2021-09-12
adproperty_parsed,PUB,0.02918288,adproperty_close_rate,2021-06-12,2021-09-12
adproperty_parsed,YAV,1.0,adproperty_close_rate,2021-06-12,2021-09-12
State,AA,0.5,state_close_rate,2021-06-12,2021-09-12
State,DC,0.02555584,state_close_rate,2021-06-12,2021-09-12
adproperty_parsed,RGM,0.015802782,adproperty_close_rate,2021-06-12,2021-09-12
State,RI,0.027148055,state_close_rate,2021-06-12,2021-09-12
adproperty_parsed,JMC,0.0,adproperty_close_rate,2021-06-12,2021-09-12
adproperty_parsed,NMA,0.0,adproperty_close_rate,2021-06-12,2021-09-12
adproperty_parsed,RGA,0.021825397,adproperty_close_rate,2021-06-12,2021-09-12
State,MI,0.047673546,state_close_rate,2021-06-12,2021-09-12
State,NV,0.034172844,state_close_rate,2021-06-12,2021-09-12
adproperty_parsed,MGS,0.11578947,adproperty_close_rate,2021-06-12,2021-09-12
adproperty_parsed,RFR,0.06637168,adproperty_close_rate,2021-06-12,2021-09-12
State,M,0.0,state_close_rate,2021-06-12,2021-09-12
State,AZ,0.046438925,state_close_rate,2021-06-12,2021-09-12
State,SC,0.03294546,state_close_rate,2021-06-12,2021-09-12
State,IL,0.026602915,state_close_rate,2021-06-12,2021-09-12
State,LA,0.020193946,state_close_rate,2021-06-12,2021-09-12
State,GU,0.125,state_close_rate,2021-06-12,2021-09-12
State,C,0.0,state_close_rate,2021-06-12,2021-09-12
State,,0.1901339,state_close_rate,2021-06-12,2021-09-12
State,VA,0.038406745,state_close_rate,2021-06-12,2021-09-12
State,IN,0.032662615,state_close_rate,2021-06-12,2021-09-12
State,SD,0.022956382,state_close_rate,2021-06-12,2021-09-12
State,QC,0.0,state_close_rate,2021-06-12,2021-09-12
State,GA,0.038475927,state_close_rate,2021-06-12,2021-09-12
State,CO,0.04893854,state_close_rate,2021-06-12,2021-09-12
State,FL,0.030571781,state_close_rate,2021-06-12,2021-09-12
State,VT,0.021521049,state_close_rate,2021-06-12,2021-09-12
State,OK,0.024265273,state_close_rate,2021-06-12,2021-09-12
State,MO,0.027452875,state_close_rate,2021-06-12,2021-09-12
State,AP,0.09677419,state_close_rate,2021-06-12,2021-09-12
State,VI,0.09090909,state_close_rate,2021-06-12,2021-09-12
State,ND,0.024067251,state_close_rate,2021-06-12,2021-09-12
State,WA,0.04395938,state_close_rate,2021-06-12,2021-09-12
State,AL,0.026305279,state_close_rate,2021-06-12,2021-09-12
State,TX,0.029551538,state_close_rate,2021-06-12,2021-09-12
State,AS,0.0,state_close_rate,2021-06-12,2021-09-12
State,MA,0.035544492,state_close_rate,2021-06-12,2021-09-12
State,AK,0.031742126,state_close_rate,2021-06-12,2021-09-12
State,PR,0.033333335,state_close_rate,2021-06-12,2021-09-12
State,HI,0.02401182,state_close_rate,2021-06-12,2021-09-12